source,name,cluster_id_real
ksiegarniainternetowa.co.uk,liczba stron / number of pages,2_nb_pages
ksiegarniainternetowa.de,liczba stron / seiten,2_nb_pages
gioielleriabonanno.it,case,2_case_material
watchfinder.com,case material,2_case_material
diamondsonwabash.com,number of stones,2_nb_stones
koehnjewelry.com,number of stones,2_nb_stones
galeria-kaufhof.de,länge armband,2_band_length
uhr24.de,länge,2_band_length
weddingringshop.com,number of stones,2_nb_stones
fashioneyewear.com,height,2_height
fashioneyewear.co.uk,height,2_height
fashioneyewear.com,bridge,2_bridge
fashioneyewear.co.uk,bridge,2_bridge
edel-optics.my,temple length,2_temple_length
fashioneyewear.com,temple length,2_temple_length
fashioneyewear.co.uk,temple length,2_temple_length
koehnjewelry.com,necklace length - inch,2_neck_length
weddingringshop.com,necklace length - inch,2_neck_length
weddingringshop.com,diameter - inch,2_diameter
baribaultjewelers.com,diameter - inch,2_diameter
weddingringshop.com,bracelet size,2_bracelet_size
baribaultjewelers.com,bracelet size,2_bracelet_size
waterford.com,width,2_width
wedgwood.com,width,2_width
royaldoulton.com,width,2_width
waterford.com,height,2_height
wedgwood.com,height,2_height
waterford.com,depth,2_depth
wedgwood.com,depth,2_depth
waterford.co.uk,width,2_width
royalalbert.com,width,2_width
shopblt.com,width,2_width
filmtools.com,width,2_width
tungstenworld.com,width,2_width
fondazione.com,width,2_width
ontimesupplies.com,width,2_width
moorisharchitecturaldesign.com,width,2_width
emmabridgewater.co.uk,width,2_width
jewelry-liquidation.com,width,2_width
jamesallen.com,width,2_width
royalalbert.com,height,2_height
waterford.co.uk,height,2_height
filmtools.com,height,2_height
scentedcandleshop.com,height,2_height
fondazione.com,height,2_height
sarahraven.com,height,2_height
urvaerket.dk,tykkelse,2_thickness
urverket.no,tykkelse,2_thickness
uhrzeit.org,länge,2_length
tmart.com,size,2_ring_size
weddingringshop.com,size,2_ring_size
karkosik.pl,szerokość koperty (mm),2_case_diameter
forgesboutique.fr,longueur,2_case_diameter
rentreediscount.com,longueur,2_case_diameter
uhr24.de,gehäusedurchm. ca,2_case_diameter
forgesboutique.fr,largeur,2_case_diameter
watch.co.uk,diameter,2_case_diameter
reloj.es,diámetro de la caja,2_case_diameter
klockia.se,diameter,2_case_diameter
uhrzeit.org,ø koperty,2_case_diameter
urvaerket.dk,diameter,2_case_diameter
urverket.no,diameter,2_case_diameter
laatukellot.fi,halkaisija,2_case_diameter
mastersintime.com,diameter,2_case_diameter
uhrzeit.org,housing diameter,2_case_diameter
fashionthings.nl,diameter kast,2_case_diameter
uhrenschmuck24.ch,damen,2_case_diameter
mastersintime.co.uk,diameter,2_case_diameter
tomascolomer.com,diámetro de la caja (mm),2_case_diameter
juwelier-willems.be,diameter kast,2_case_diameter
uhrenschmuck24.ch,herren,2_case_diameter
uhrzeit.org,diametro,2_case_diameter
uhrenschmuck24.ch,unisex,2_case_diameter
mastersintime.nl,diameter,2_case_diameter
10-35.com,diameter,2_case_diameter
mijnbedels.com,diameter,2_case_diameter
squiggly.com,diameter,2_case_diameter
thewatchsuperstore.com,case material,2_case_material
icedtime.com,case material,2_case_material
tmart.com,case material,2_case_material
mastersintime.com,case material,2_case_material
tomtop.com,case material,2_case_material
finejewelers.com,case material,2_case_material
igotitfreeonline.com,case material,2_case_material
bhphotovideo.com,case material,2_case_material
kronoshop.com,case material,2_case_material
squiggly.com,case material,2_case_material
albritons.com,case material,2_case_material
merryrichardsjewelers.com,case material,2_case_material
horel.com,taille,2_case_diameter
adm-horloger.com,taille,2_case_diameter
poussette.com,dimensions,2_dimensions_COMPLEX
creactivites.com,dimensions,2_dimensions_COMPLEX
furniturelandsouth.com,dimensions,2_dimensions_COMPLEX
tmart.com,dimensions,2_dimensions_COMPLEX
bhphotovideo.com,dimensions,2_dimensions_COMPLEX
theethnicstory.com,dimensions,2_dimensions_COMPLEX
uhrzeit.org,grubość koperty,2_band_thickness
uhr24.de,gehäusestärke ca,2_case_diameter
uhrzeit.org,housing height,2_case_height
forgesboutique.fr,epaisseur,2_width
horel.com,epaisseur,2_width
uhrzeit.org,grosor,2_band_thickness
karkosik.pl,grubość koperty (mm),2_band_thickness
watch.co.uk,band length,2_band_length
mastersintime.co.uk,band length,2_band_length
mastersintime.com,band length,2_band_length
squiggly.com,band length,2_band_length
lauscher.ac,größe,2_dimensions_COMPLEX
softclox.com,größe,2_dimensions_COMPLEX
werbeartikel-welt.com,größe,2_dimensions_COMPLEX
silvergoldbull.se,diameter (mm),2_diameter
silvergoldbull.sg,diameter (mm),2_diameter
silvergoldbull.nz,average thickness (mm),2_thickness
silvergoldbull.ca,average thickness (mm),2_thickness
silvergoldbull.co.uk,average thickness (mm),2_thickness
silvergoldbull.lu,average thickness (mm),2_thickness
silvergoldbull.com,average thickness (mm),2_thickness
silvergoldbull.com.au,average thickness (mm),2_thickness
silvergoldbull.sg,average thickness (mm),2_thickness
silvergoldbull.hk,average thickness (mm),2_thickness
silvergoldbull.be,average thickness (mm),2_thickness
silvergoldbull.ie,average thickness (mm),2_thickness
silvergoldbull.jp,average thickness (mm),2_thickness
silvergoldbull.nz,dimensions (mm),2_diameter
silvergoldbull.ca,dimensions (mm),2_diameter
silvergoldbull.co.uk,dimensions (mm),2_diameter
silvergoldbull.lu,dimensions (mm),2_diameter
silvergoldbull.nz,dimensions (mm),2_thickness
silvergoldbull.ca,dimensions (mm),2_thickness
silvergoldbull.co.uk,dimensions (mm),2_thickness
silvergoldbull.lu,dimensions (mm),2_thickness
silvergoldbull.com,dimensions (mm),2_diameter
silvergoldbull.be,dimensions (mm),2_diameter
silvergoldbull.com.au,dimensions (mm),2_diameter
silvergoldbull.com,dimensions (mm),2_thickness
silvergoldbull.be,dimensions (mm),2_thickness
silvergoldbull.com.au,dimensions (mm),2_thickness
silvergoldbull.li,größe in mm,2_diameter
silvergoldbull.li,größe in mm,2_thickness
silvergoldbull.lu,größe in mm,2_diameter
silvergoldbull.lu,größe in mm,2_thickness
silvergoldbull.li,durchschnittliche stärke in mm,2_thickness
silvergoldbull.lu,durchschnittliche stärke in mm,2_thickness
silvergoldbull.gr,metal weight (ozt),2_metal_weight
silvergoldbull.sg,metal weight (ozt),2_metal_weight
silvergoldbull.hk,metal weight (ozt),2_metal_weight
silvergoldbull.fi,metal weight (ozt),2_metal_weight
silvergoldbull.jp,metal weight (ozt),2_metal_weight
silvergoldbull.gr,diameter (mm),2_diameter
silvergoldbull.nz,diameter (mm),2_diameter
silvergoldbull.fi,diameter (mm),2_diameter
silvergoldbull.jp,diameter (mm),2_diameter
silvergoldbull.it,metal weight (ozt),2_metal_weight
silvergoldbull.nl,metal weight (ozt),2_metal_weight
silvergoldbull.ie,metal weight (ozt),2_metal_weight
silvergoldbull.fr,épaisseur moyenne (mm),2_thickness
silvergoldbull.lu,épaisseur moyenne (mm),2_thickness
silvergoldbull.fr,poids du métal (onces troy),2_metal_weight
silvergoldbull.lu,poids du métal (onces troy),2_metal_weight
silvergoldbull.be,dimensies (mm),2_diameter
silvergoldbull.be,dimensies (mm),2_thickness
silvergoldbull.es,dimensiones (mm),2_diameter
silvergoldbull.es,dimensiones (mm),2_thickness
silvergoldbull.ch,dimensioni (mm),2_diameter
silvergoldbull.ch,dimensioni (mm),2_thickness
silvergoldbull.it,dimensions (mm),2_diameter
silvergoldbull.nl,dimensions (mm),2_diameter
silvergoldbull.se,dimensions (mm),2_diameter
silvergoldbull.gr,dimensions (mm),2_diameter
silvergoldbull.it,dimensions (mm),2_thickness
silvergoldbull.nl,dimensions (mm),2_thickness
silvergoldbull.se,dimensions (mm),2_thickness
silvergoldbull.gr,dimensions (mm),2_thickness
silvergoldbull.jp,寸法（mm）,2_diameter
silvergoldbull.jp,寸法（mm）,2_thickness
silvergoldbull.sg,尺寸(mm),2_diameter
silvergoldbull.sg,尺寸(mm),2_thickness
silvergoldbull.fr,dimensions (mm),2_diameter
silvergoldbull.ie,dimensions (mm),2_diameter
silvergoldbull.sg,dimensions (mm),2_diameter
silvergoldbull.hk,dimensions (mm),2_diameter
silvergoldbull.jp,dimensions (mm),2_diameter
silvergoldbull.fi,dimensions (mm),2_diameter
silvergoldbull.fr,dimensions (mm),2_thickness
silvergoldbull.ie,dimensions (mm),2_thickness
silvergoldbull.sg,dimensions (mm),2_thickness
silvergoldbull.hk,dimensions (mm),2_thickness
silvergoldbull.jp,dimensions (mm),2_thickness
silvergoldbull.fi,dimensions (mm),2_thickness
silvergoldbull.at,größe in mm,2_diameter
silvergoldbull.de,größe in mm,2_diameter
silvergoldbull.ch,größe in mm,2_diameter
silvergoldbull.at,größe in mm,2_thickness
silvergoldbull.de,größe in mm,2_thickness
silvergoldbull.ch,größe in mm,2_thickness
silvergoldbull.it,average thickness (mm),2_thickness
silvergoldbull.nl,average thickness (mm),2_thickness
silvergoldbull.se,average thickness (mm),2_thickness
silvergoldbull.gr,average thickness (mm),2_thickness
silvergoldbull.be,gemiddelde dikte (mm),2_thickness
silvergoldbull.es,grosor promedio (mm),2_thickness
silvergoldbull.ch,spessore medio (mm),2_thickness
silvergoldbull.jp,平均の厚み（mm）,2_thickness
silvergoldbull.fi,average thickness (mm),2_thickness
silvergoldbull.at,durchschnittliche stärke in mm,2_thickness
silvergoldbull.de,durchschnittliche stärke in mm,2_thickness
silvergoldbull.ch,durchschnittliche stärke in mm,2_thickness
silvergoldbull.sg,平均厚度(mm),2_thickness
silvergoldbull.it,diameter (mm),2_diameter
silvergoldbull.be,diameter (mm),2_diameter
silvergoldbull.nl,diameter (mm),2_diameter
silvergoldbull.ca,diameter (mm),2_diameter
silvergoldbull.co.uk,diameter (mm),2_diameter
silvergoldbull.lu,diameter (mm),2_diameter
silvergoldbull.es,diámetro (mm),2_diameter
silvergoldbull.ch,durchmesser in mm,2_diameter
silvergoldbull.li,durchmesser in mm,2_diameter
silvergoldbull.jp,直径（mm）,2_diameter
silvergoldbull.com,diameter (mm),2_diameter
silvergoldbull.ie,diameter (mm),2_diameter
silvergoldbull.ch,diametro (mm),2_diameter
silvergoldbull.lu,durchmesser in mm,2_diameter
silvergoldbull.com.au,diameter (mm),2_diameter
silvergoldbull.hk,diameter (mm),2_diameter
silvergoldbull.at,durchmesser in mm,2_diameter
silvergoldbull.de,durchmesser in mm,2_diameter
silvergoldbull.sg,直径(mm),2_diameter
silvergoldbull.fr,diamètre,2_diameter
silvergoldbull.lu,diamètre,2_diameter
silvergoldbull.at,metallgewicht in unzen,2_metal_weight
silvergoldbull.ch,metallgewicht in unzen,2_metal_weight
jewelryshopping.com,size,2_length
albritons.com,size - mm,2_length
artistsupplysource.com,size,2_length
rewonline.com,size,2_length
bhphotovideo.com,size,2_length
cosplaysupplies.com,size,2_length
katom.com,size,2_length
shopclues.com,size,2_length
turnermotorsport.com,size,2_length
turnermotorsport.com,size,2_width
shopblt.com,dimensions,2_dimensions_COMPLEX
adcomarketing.com,dimensions,2_dimensions_COMPLEX
pulsiva.com,dimensions,2_dimensions_COMPLEX
igan-iluminacion.com,dimensions,2_dimensions_COMPLEX
penboutique.com,dimensions,2_dimensions_COMPLEX
balticbuy.com,dimensions,2_dimensions_COMPLEX
scentedcandleshop.com,size,2_height
scentedcandleshop.com,size,2_diameter
sahajanya.com,size,2_length
sahajanya.com,size,2_width
gemsbiz.com,size,2_length
gemsbiz.com,size,2_width
ontimesupplies.com,size,2_length
moorisharchitecturaldesign.com,height,2_height
rvpartshop.com,length,2_length
goldenmine.com,length,2_length
uhrzeit.org,length,2_length
tmart.com,width,2_width
decoshop.com,width,2_width
royalalbert.co.uk,height,2_height
royaldoulton.com,height,2_height
decoshop.com,height,2_height
bbandb.net,height,2_height
royalalbert.co.uk,depth,2_depth
royalalbert.com,depth,2_depth
rewonline.com,length,2_length
silvergoldbull.be,metaal gewicht (ozt),2_metal_weight
silvergoldbull.nz,metal weight (ozt),2_metal_weight
silvergoldbull.ca,metal weight (ozt),2_metal_weight
silvergoldbull.se,metal weight (ozt),2_metal_weight
silvergoldbull.co.uk,metal weight (ozt),2_metal_weight
silvergoldbull.lu,metal weight (ozt),2_metal_weight
silvergoldbull.li,metallgewicht in unzen,2_metal_weight
silvergoldbull.es,peso del metal (ozt),2_metal_weight
silvergoldbull.ch,peso metallo (oz t),2_metal_weight
silvergoldbull.com,metal weight (ozt),2_metal_weight
silvergoldbull.com.au,metal weight (ozt),2_metal_weight
silvergoldbull.be,metal weight (ozt),2_metal_weight
silvergoldbull.de,metallgewicht in unzen,2_metal_weight
silvergoldbull.lu,metallgewicht in unzen,2_metal_weight
diamondsonwabash.com,metal type,2_metal_type
dubinsfinejewelry.com,metal type,2_metal_type
cartersdiamonds.com,metal type,2_metal_type
reamjewelers.com,metal type,2_metal_type
worldofceciwong.com,metal type,2_metal_type
milanjdiamonds.com,metal type,2_metal_type
koehnjewelry.com,metal type,2_metal_type
brightbd.com,metal type,2_metal_type
nicols.es,case,2_case_size
nicols.es,case,2_case_size_slm
icedtime.com,case,2_case_size
icedtime.com,case,2_case_material
nicols.es,mm case,2_case_size_mm
geraldpetersinc.com,center stone weight - ct,2_center_stone_weight
caprijewelersaz.com,center stone weight - ct,2_center_stone_weight
morgansjewelers.com,center stone weight - ct,2_center_stone_weight
weddingringshop.com,center stone weight - ct,2_center_stone_weight
koehnjewelry.com,center stone weight - ct,2_center_stone_weight
milanjdiamonds.com,width - mm,2_width
reamjewelers.com,width - mm,2_width
koehnjewelry.com,width - mm,2_width
diamondsonwabash.com,width - mm,2_width
dubinsfinejewelry.com,width - mm,2_width
midtownjewelers.com,width - mm,2_width
midtownjewelers.com,size,2_length
cartersdiamonds.com,size,2_length
budkoo.com,size,2_length
crystalmix.eu,size,2_length
midtownjewelers.com,number of stones,2_nb_stones
jewelry-liquidation.com,number of stones,2_nb_stones
albritons.com,necklace length - inch,2_neck_length
midtownjewelers.com,necklace length - inch,2_neck_length
midtownjewelers.com,metal type,2_metal_type
weddingringshop.com,metal type,2_metal_type
baribaultjewelers.com,metal type,2_metal_type
aucoinhart.com,metal type,2_metal_type
jewelryshopping.com,metal type,2_metal_type
mastersintime.co.uk,band width,2_band_width
squiggly.com,band width,2_band_width
mastersintime.com,band width,2_band_width
mastersintime.jp,band width,2_band_width
watch.co.uk,band width,2_band_width
icedtime.com,band width,2_band_width
joediveramerica.com,band width,2_band_width
bhphotovideo.com,band width,2_band_width
magnet-shop.com,gesamtbreite b,2_width
magnet-shop.net,gesamtbreite b,2_width
weddingringshop.com,width - mm,2_width
worldofceciwong.com,width - mm,2_width
cartersdiamonds.com,width - mm,2_width
mirojewelers.com,width - mm,2_width
evangelosfinejewellery.com,width - mm,2_width
leuchtenland.com,durchmesser,2_diameter
light-delux.com,durchmesser,2_diameter
mastersintime.com,case thickness,2_case_thickness
kronoshop.com,case thickness,2_case_thickness
icedtime.com,case thickness,2_case_thickness
squiggly.com,case thickness,2_case_thickness
mastersintime.nl,lengte band,2_band_length
juwelier-willems.be,lengte band,2_band_length
albritons.com,metal type,2_metal_type
shopkorite.com,metal type,2_metal_type
icedtime.com,metal,2_metal_type
beaverbrooks.co.uk,metal,2_metal_type
nazarsfinejewelry.com,number of stones,2_nb_stones
icedtime.com,length,2_length
ontimesupplies.com,length,2_length
jewelry-liquidation.com,length,2_length
jamesallen.com,length,2_length
aucoinhart.com,width - mm,2_width
tmart.com,diameter,2_diameter
ilite.co.uk,diameter,2_diameter
igotitfreeonline.com,dial diameter,2_diameter
tmart.com,dial diameter,2_diameter
igotitfreeonline.com,band width,2_band_width
goldboutique.com,band width,2_band_width
tmart.com,band width,2_band_width
dx.com,band width,2_band_width
igotitfreeonline.com,band length,2_band_length
tmart.com,band length,2_band_length
diamond-boutique.co.uk,dimensions (mm),2_gemstone_dimensions
joediveramerica.com,case,2_case_material
merryrichardsjewelers.com,case size - mm,2_case_size
icedtime.com,case size,2_case_size
watchfinder.com,case size,2_case_size
bhphotovideo.com,case size,2_case_size
lesliejewelers.com,metal type,2_metal_type
mirojewelers.com,metal type,2_metal_type
geraldpetersinc.com,metal type,2_metal_type
caprijewelersaz.com,metal type,2_metal_type
morgansjewelers.com,metal type,2_metal_type
sergiosjewelers.com,metal type,2_metal_type
evangelosfinejewellery.com,metal type,2_metal_type
nazarsfinejewelry.com,metal type,2_metal_type
icedtime.com,case diameter,2_case_diameter
joediveramerica.com,case diameter,2_case_diameter
goldenmine.com,ring size,2_ring_size
torrinishop.net,ring size,2_ring_size
tmart.com,length,2_length
albritons.com,length - mm,2_length
tmart.com,height,2_height
emmabridgewater.co.uk,height,2_height
emmabridgewater.co.uk,diameter,2_diameter
lesliejewelers.com,bracelet length - inches,2_bracelet_length
midtownjewelers.com,bracelet length - inches,2_bracelet_length
albritons.com,bracelet length - inches,2_bracelet_length
dubinsfinejewelry.com,bracelet length - inches,2_bracelet_length
diamond-boutique.co.uk,width (mm),2_width
mijewellery.com,metal,2_metal_type
diamond-boutique.co.uk,metal,2_metal_type
ilite.co.uk,height,2_height
easylounge.com,hauteur,2_height
decoshop.com,hauteur,2_height
rentreediscount.com,hauteur,2_height
decoshop.com,depth,2_depth
balticbuy.lt,ilgis,2_length
balticbuy.com,length,2_length
rvpartshop.ca,length,2_length
flesh-tunnel-shop.com,length,2_length
plumbersstock.com,length,2_length
jgroupny.com,chain length,2_chain_length
brightbd.com,chain length,2_chain_length
bhphotovideo.com,bluetooth version,2_bluetooth_version
tmart.com,bluetooth version,2_bluetooth_version
jewelry-liquidation.com,metal,2_metal_type
bbandb.net,width,2_width
reloj.es,longitud de la correa,2_band_length
relogios.pt,tamanho da bracelete,2_band_length
lesliejewelers.com,pearl size - mm,2_pearl_size
albritons.com,pearl size - mm,2_pearl_size
fashionthings.nl,dikte kast,2_case_thickness
10-35.com,dikte kast,2_case_thickness
milanjdiamonds.com,ring size,2_ring_size
cartersdiamonds.com,ring size,2_ring_size
diamondengagementringsforyou.com,ring size,2_ring_size
montre.be,taille de bracelet,2_band_length
uhrcenter.de,armumfang max,2_max_arm_circumference
rm-time.de,gehäuse durchmesser,2_case_diameter
dx.com,armbandslängd,2_band_length
finejewelers.com,band length,2_band_length
icedtime.com,band length,2_band_length
2spi.com,bar width (µm),2_band_width
albritons.com,case length - mm,2_case_length
merryrichardsjewelers.com,case length - mm,2_case_length
albritons.com,case size - mm,2_case_size
safajewelers.com,case size - mm,2_case_size
jewelryshopping.com,chain size (inches),2_chain_size
tmart.com,coin diameter,2_diameter
tmart.com,coins diameter,2_diameter
dx.com,délka náramku,2_band_length
partstown.com,hauteur,2_height
heritageparts.com,height (inches),2_height
crutchfield.com,height (inches),2_height
abt.com,height (inches),2_height
modellco.de,leerlaufstrom (a),2_current_idle
ilite.co.uk,max height,2_max_height
spendipoco.com,n. fogli x libretto,2_nb_pages
midtownjewelers.com,necklace length - cm,2_neck_length
magnetic-products-store.com,number of magnets (in standard length),2_nb_magnets
pneustore.com.br,perfil,2_profile_tires
desktop3dprinter.com,spool diameter,2_spool_diameter
droitek.com,tamaño de la pantalla,2_screen_size
bhphotovideo.com,wrist size,2_band_length
raketa-shop.com,wrist size,2_band_length
dx.com,wristband length,2_band_length
tmart.com,wristband length,2_band_length
bhphotovideo.com,case materials,2_case_material
brickcitygold.com,metal type,2_metal_type
mijnbedels.com,metal type,2_metal_type
laatukellot.fi,paksuus,2_thickness
uhr24.de,gehäusebreite ca,2_case_length
uhrcenter.de,gehäusehöhe,2_case_height
klockia.se,tjocklek,2_thickness
reloj.es,grosor de la caja,2_case_thickness
czaszegarkow.pl,grubość,2_thickness
mastersintime.nl,dikte kast,2_case_thickness
sergiosjewelers.com,center stone weight - ct,2_center_stone_weight
galeria-kaufhof.de,länge gehäuse,2_case_length
uhr24.de,durchmesser,2_case_diameter
tomascolomer.com,grosor de la caja (mm),2_case_thickness
patro.cz,tloušťka,2_case_thickness
magnet-shop.com,gesamtdurchmesser d,2_case_diameter
flesh-tunnel-shop.com,width,2_width
relatiegeschenkenxl.nl,print size,2_print_size
rm-time.de,bandbreite in mm,2_band_width
kronjuwelen.com,+ größe / durchmesser in mm,2_diameter
jewelryshopping.com,approx. diameter,2_diameter
flesh-tunnel-shop.com,ball size,2_ball_size
safajewelers.com,band size - mm,2_band_size
albritons.com,band size - mm,2_band_size
guitar-gallery.de,bundanzahl,2_guitar_size_CHECK
hellermanntyton.nl,bundel diameter ∅ min,2_bundle_diameter
budsgunshop.com,caliber,2_caliber
tmart.com,case diameter,2_case_diameter
finejewelers.com,case diameter,2_case_diameter
shopedc.com,center stone weight - ct,2_center_stone_weight
jewelryshopping.com,charm width,2_width
abt.com,depth (inches),2_depth
brightbd.com,dimension length,2_length
easylounge.com,longueur,2_length
partstown.com,longueur,2_length
play-asia.com,players,2_nb_players
heritageparts.com,weight (lbs),2_weight
kseriesparts.com,wheel offset,2_wheel_offset
magnetic-products-store.com,width,2_width
ventevin.fr,width,2_width
icedtime.com,width,2_width
scotlightdirect.co.uk,width,2_width
jensonusa.com,width,2_width
bimblesolar.com,width,2_width
aidangrayhome.com,width,2_width
rangecookers.co.uk,width (mm),2_width
bigbathroomshop.co.uk,width (mm),2_width
galeria-kaufhof.de,breite gehäuse,2_case_length
patro.cz,šíře,2_length
patro.cz,výška,2_height
tmart.com,band length (include case),2_band_length
abt.com,case size (mm),2_case_size
beaverbrooks.co.uk,case size (mm),2_case_size
jewelryshopping.com,chain width,2_chain_width
aidangrayhome.com,height,2_height
magnetic-products-store.com,height,2_height
scotlightdirect.co.uk,height,2_height
hellermanntyton.nl,lengte (l),2_length
reloj.es,ancho de correa,2_band_width
tomascolomer.com,ancho de la correa,2_band_width
nettoshop.ch,largeur (produit),2_width
juwelier-willems.be,breedte band,2_band_width
galeria-kaufhof.de,breite armband,2_band_width
waterford.co.uk,depth,2_depth
uhrcenter.de,bandbreite,2_band_width
jamesallen.com,# of blue sapphires,2_nb_blue_sapphires
stiefel.de,aussendurchmesser,2_diameter
finejewelers.com,band width,2_band_width
jewelryshopping.com,charm length,2_charm_length
royaldoulton.com,depth,2_depth
aidangrayhome.com,depth,2_depth
decoshop.com,largeur,2_width
rentreediscount.com,largeur,2_width
partstown.com,largeur,2_width
fondazione.com,larghezza,2_width
cantupneus.com.br,largura (mm),2_width
2spi.com,mesh (lines/inch),2_mesh_line
accu.co.uk,overall length,2_length
applied.com,overall length,2_length
tmart.com,overall length,2_length
budsgunshop.com,overall length,2_length
tatacliq.com,product depth (cm),2_depth
ronakcorp.com,size,2_jewel_size
icedtime.com,size,2_gender
tmart.com,watchband width,2_band_width
patro.cz,šířka,2_width
patro.cz,délka,2_width
gioielleriabonanno.it,diametro / larghezza,2_width
gioielleriabonanno.it,diameter / width,2_width
thewatchsuperstore.com,case width approx,2_width
uhr24.de,gehäusehöhe ca,2_case_height
tqdiamonds.com,ring size,2_ring_size
galeria-kaufhof.de,länge kette,2_chain_length
karkosik.pl,wysokość koperty (mm),2_case_height
galeria-kaufhof.de,höhe,2_height
dx.com,bandbredd,2_band_width
tmart.com,case width,2_case_width
scotlightdirect.co.uk,diameter,2_diameter
easylounge.com,diamètre,2_diameter
heritageparts.com,width (inches),2_width
abt.com,width (inches),2_width
uhr24.de,bandbreite ca,2_band_width
uhrzeit.org,długość,2_length
jewelryshopping.com,approx. length,2_length
budsgunshop.com,chamber,2_chamber_size
torrinishop.net,diam. carats ca,2_diameter_carats
shopclues.com,gold weight (gms),2_weight_gold
torrinishop.net,l. diam. carati ca,2_diameter_carats
applied.com,length,2_length
bimblesolar.com,length,2_length
emmabridgewater.co.uk,length,2_length
fashionmia.com,length,2_length
shopblt.com,length,2_length
ventevin.fr,length,2_length
filmtools.com,length,2_length
mastersintime.com,strap width at buckle,2_strap_width
tmart.com,total length,2_length
juwelier-willems.be,kast dikte,2_case_thickness
thewatchsuperstore.com,case depth approx,2_case_depth
jamesallen.com,# of diamonds,2_nb_diamonds
jewelryshopping.com,approx. width,2_width
budsgunshop.com,barrel length,2_barrel_length
katom.com,capacity (ozs),2_capacity
tmart.com,case thickness,2_case_thickness
finejewelers.com,case thickness,2_case_thickness
tmart.com,chain length,2_chain_length
tmart.com,dial thickness,2_dial_thickness
diamond-boutique.co.uk,diamond quantity,2_nb_diamonds
creactivites.com,dimension du trou,2_hole_dimensions
tmart.com,eardrop length,2_eardrop_length
2spi.com,hole width (µm),2_hole_width
heritageparts.com,length (inches),2_length
scotlightdirect.co.uk,light bulb qty,2_nb_light_bulb
play-asia.com,original name,2_original_name
furniturelandsouth.com,product id,2_product_id
finejewelers.com,stones,2_nb_stones
beaverbrooks.co.uk,supplier code,2_supplier_code
eurooptic.com,dimensions,2_glasses_dimensions_CHECK
bikebling.com,physical dimensions,2_dimensions_COMPLEX
mastersintime.com,back case material,2_back_case_material
squiggly.com,back case material,2_back_case_material
jamesallen.com,metal,2_metal_type
edel-optics.cl,largo de las varillas,2_length_rods
edel-optics.be,longueur des branches,2_length_rods
edel-optics.pt,comprimento das hastes,2_length_rods
galeria-kaufhof.de,farbe ziffernblatt,1_dial_color
uhrcenter.de,zifferblattfarbe,1_dial_color
uhr24.de,zifferblattfarbe,1_dial_color
casio-shop.eu,zifferblattfarbe,1_dial_color
uhrenschmuck24.ch,leder,1_band_color
uhr24.de,bandfarbe,1_band_color
uhrenschmuck24.ch,stoff / nylon,1_band_color
galeria-kaufhof.de,farbe band,1_band_color
galeria-kaufhof.de,farbe verschluss,1_band_color
galeria-kaufhof.de,material band,1_band_material
royalalbert.co.uk,material,1_material
koehnjewelry.com,stones average color,1_stones_avg_color
weddingringshop.com,stones average color,1_stones_avg_color
diamondsonwabash.com,stones average color,1_stones_avg_color
midtownjewelers.com,stones average color,1_stones_avg_color
dubinsfinejewelry.com,stones average color,1_stones_avg_color
aucoinhart.com,stones average color,1_stones_avg_color
aimant-boutique.fr,material,1_material
magnet-shop.net,material,1_material
magnet-shop.com,material,1_material
watchfinder.com,bracelet material,1_bracelet_material
gioielleriabonanno.it,bracelet,1_bracelet_material
uhr24.de,gehäusematerial,1_case_material
uhrcenter.de,gehäusematerial,1_case_material
galeria-kaufhof.de,material gehäuse,1_case_material
rm-time.de,gehäuse material,1_case_material
fashioneyewear.co.uk,lens colour,1_lens_color
fashioneyewear.com,lens colour,1_lens_color
fashioneyewear.co.uk,frame colour,1_frame_color
fashioneyewear.com,frame colour,1_frame_color
casio-shop.eu,gehäusematerial,1_case_material
johannsson.de,gehäusematerial,1_case_material
royaldoulton.com,material,1_material
restockit.com,material,1_material
ahalife.com,material,1_material
royalalbert.com,material,1_material
traidgold.com,material,1_material
goldboutique.com,material,1_material
stiefel.de,material,1_material
dx.com,material,1_material
werbeartikel-welt.com,material,1_material
lauscher.ac,material,1_material
flesh-tunnel-shop.de,material,1_material
igan-iluminacion.com,material,1_material
arteseacessorios.com.br,material,1_material
uniquevanities.com,material,1_material
penboutique.com,material,1_material
ilite.co.uk,material,1_material
aatmanindia.com,material,1_material
cuckoocollections.co.uk,material,1_material
firstmall.de,material,1_material
dxpdisplay.com,material,1_material
ventevin.fr,material,1_material
2spi.com,material,1_material
crystalmix.eu,material,1_material
applied.com,material,1_material
patrolstore.com,material,1_material
easyfloristsupplies.co.uk,material,1_material
bhphotovideo.com,material,1_material
bigbathroomshop.co.uk,material,1_material
albritons.com,material,1_material
kronoshop.com,material,1_material
jgroupny.com,material,1_material
angelcigs.com,material,1_material
cosplaysupplies.com,material,1_material
uhrcenter.de,bandmaterial,1_band_material
uhr24.de,bandmaterial,1_band_material
tmart.com,watchband material,1_band_material
tomtop.com,watchband material,1_band_material
tmart.com,main color,1_main_color
vintagedesignerhandbagsonline.com,main color,1_main_color
uhrzeit.org,farbe,1_color
rm-time.de,farbe,1_color
badort.com,farbe,1_color
uhrzeit.org,dial color,1_dial_color
watchwholesaledirect.com,color,1_color
allfitnessgadgets.com,color,1_color
solidsignal.com,color,1_color
shopclues.com,color,1_color
craftsuppliesexpress.com,color,1_color
cmonwealth.com,color,1_color
uhrzeit.org,color,1_color
theethnicstory.com,color,1_color
kseriesparts.com,color,1_color
watch.co.uk,strap colour,1_band_color
thewatchsuperstore.com,strap colour,1_band_color
mastersintime.com,strap material,1_band_material
watch.co.uk,strap material,1_band_material
mastersintime.co.uk,strap material,1_band_material
squiggly.com,strap material,1_band_material
shopclues.com,strap material,1_band_material
tmart.com,case color,1_case_color
squiggly.com,case color,1_case_color
abt.com,case color,1_case_color
mastersintime.com,case color,1_case_color
shopclues.com,case color,1_case_color
autohaulersupply.com,color,1_color
diamondengagementringsforyou.com,color,1_color
guitar-gallery.de,color,1_color
samotech.net,color,1_color
angelcigs.com,color,1_color
gadgetsmafia.com,strap color,1_band_color
tatacliq.com,color family,1_color_family
shopclues.com,color family,1_color_family
zadwholesalejewelry.com,materials,1_material
shiels.com.au,materials,1_material
abelestore.com,band material,1_band_material
safajewelers.com,band material,1_band_material
albritons.com,band material,1_band_material
finejewelers.com,band material,1_band_material
merryrichardsjewelers.com,band material,1_band_material
plumbersstock.com,color,1_color
ahalife.com,color,1_color
restockit.com,color,1_color
rvpartshop.ca,color,1_color
rvpartshop.com,color,1_color
thewatchsuperstore.com,strap type,1_band_material
raketa-shop.com,strap type,1_band_material
pulsiva.com,farbe,1_color
stiefel.de,farbe,1_color
nettoshop.ch,farbe,1_color
nettoshop.ch,couleur,1_color
poussette.com,couleur,1_color
rentreediscount.com,couleur,1_color
creactivites.com,couleur,1_color
moorisharchitecturaldesign.com,finish,1_finish_color
mastersintime.com,color of the dial,1_dial_color
squiggly.com,color of the dial,1_dial_color
tmart.com,kleur,1_color
knaldeals.com,kleur,1_color
zinzi.nl,kleur,1_color
fashionthings.nl,kleur wijzerplaat,1_dial_color
juwelier-willems.be,kleur wijzerplaat,1_dial_color
mastersintime.nl,kleur wijzerplaat,1_dial_color
juwelier-willems.be,kleur kast,1_case_color
fashionthings.nl,kleur kast,1_case_color
mastersintime.nl,kleur kast,1_case_color
fashionthings.nl,kleur band,1_band_color
juwelier-willems.be,kleur band,1_band_color
mastersintime.nl,kleur band,1_band_color
tmart.com,band kleur,1_band_color
jewelryshopping.com,stone color,1_stone_color
easyfloristsupplies.co.uk,colour,1_color
icedtime.com,strap,1_case_material
albritons.com,dial type,1_dial_material
finejewelers.com,dial color,1_dial_color
icedtime.com,band color,1_dial_color
finejewelers.com,band color,1_dial_color
gadgetsmafia.com,strap material,1_band_material
kronoshop.com,strap material,1_band_material
casio-shop.eu,material armband,1_band_material
johannsson.de,material armband,1_band_material
casio-shop.eu,materiaal band,1_band_material
juwelier-willems.be,materiaal band,1_band_material
accu.co.uk,finish,1_finish_color
scotlightdirect.co.uk,colour finish,1_finish_color
beaverbrooks.co.uk,strap type,1_strap_type
jewelryshopping.com,finish,1_finish_type
beaverbrooks.co.uk,dial colour,1_dial_color
decoshop.com,colors,1_color
fashionthings.nl,materiaal band,1_band_material
10-35.com,materiaal band,1_band_material
waterford.com,material,1_material
tmart.com,material,1_material
uhrzeit.org,material,1_material
wedgwood.com,material,1_material
luxjoias.com,material,1_material
shopclues.com,material,1_material
icedtime.com,material,1_material
accu.co.uk,material,1_material
nicols.es,material,1_material
flesh-tunnel-shop.com,material,1_material
bbandb.net,material,1_material
pulsiva.com,material,1_material
tqdiamonds.com,material,1_material
vintagedesignerhandbagsonline.com,material,1_material
jewelry-liquidation.com,color,1_color
albritons.com,color,1_color
tmart.com,color,1_color
sahajanya.com,color,1_color
finejewelers.com,color,1_color
budkoo.com,color,1_color
icedtime.com,dial color,1_dial_color
tmart.com,dial color,1_dial_color
shopclues.com,dial color,1_dial_color
albritons.com,dial color,1_dial_color
merryrichardsjewelers.com,dial color,1_dial_color
flesh-tunnel-shop.com,color,1_color
jewelryshopping.com,color,1_color
mastersintime.co.uk,strap color,1_band_color
squiggly.com,strap color,1_band_color
shopclues.com,strap color,1_band_color
mastersintime.com,strap color,1_band_color
icedtime.com,band material,1_band_material
tmart.com,band material,1_band_material
bhphotovideo.com,band material,1_band_material
cosplaysupplies.com,colour,1_color
uhrzeit.org,colour,1_color
diamond-boutique.co.uk,colour,1_color
uniquevanities.com,finish,1_finish_color
mastersintime.com,"hand colors (h,m,s)",1_hand_color
squiggly.com,"hand colors (h,m,s)",1_hand_color
thewatchsuperstore.com,dial colour,1_dial_color
kronoshop.com,dial colour,1_dial_color
icedtime.com,dial,1_dial_type
brightbd.com,stone color,1_stone_color
ilite.co.uk,colour,1_color_available
watchfinder.com,dial type,1_dial_type
tmart.com,band color,1_band_color
abt.com,band color,1_band_color
budsgunshop.com,finish,1_finish_color
albritons.com,band color,1_band_color
galeria-kaufhof.de,zusätzliche materialien schmuck,1_additional_materials_jewel
icedtime.com,bracelet,1_band_material
gioiellerialucchese.it,cassa,1_case_material
gioielleriabonanno.it,cassa,1_case_material
tomascolomer.com,material de la caja,1_case_material
casio-shop.eu,cassa,1_case_material
horel.com,bracelet,1_band_material
galeria-kaufhof.de,material verschluss,1_case_material
fashionmia.com,jewelry material,1_jewel_material
fashionmia.com,material,1_material
emmabridgewater.co.uk,material,1_material
moorisharchitecturaldesign.com,material,1_material
sahajanya.com,material,1_material
addoway.com,material,1_material
decoshop.com,materials,1_material
galeria-kaufhof.de,farbe naht,1_cucitura_color
tweakers.net,uitvoering,1_color
casio-shop.eu,armbandfarbe,1_band_material
montre.be,couleur de bracelet,1_band_color
casio-shop.eu,couleur du boîtier,1_case_material
uhrcenter.de,bandfarbe,1_band_color
uhrenschmuck24.ch,kautschuk,1_case_material
casio-shop.eu,kleur polsbandje,1_band_color
horel.com,couleur du boîtier,1_case_material
forgesboutique.fr,couleur bracelet,1_band_material
jamesallen.com,average color,1_avg_color
decoshop.com,couleur,1_color
10-35.com,kleur band,1_band_color
tatacliq.com,strap color brand,1_band_color
gioielleriabonanno.it,quadrant,1_dial_color
casio-shop.eu,kleur wijzerplaat,1_dial_color
uhrenschmuck24.ch,grau,1_degree
diamond-boutique.co.uk,finish,1_finish_type
galeria-kaufhof.de,material schmuck,1_jewel_material
patro.cz,řemínek,1_band_type
casio-shop.eu,band material,1_band_material
horel.com,boitier,1_case_material
nicols.es,strap,1_band_color
chezmaman.com,matière boitier,1_case_material
igotitfreeonline.com,band material type,1_band_material
boutikenvogue.com,matière boitier,1_case_material
tatacliq.com,strap type,1_band_material
bhphotovideo.com,dial type,1_dial_type
uhrzeit.org,housing color,1_case_color
addoway.com,color,1_color
addoway.com,frame color,1_case_color
nicols.es,watch dial,1_dial_color
chezmaman.com,couleur boitier,1_case_color
gioiellerialucchese.it,quadrante,1_dial_type
ontimesupplies.com,color(s),1_color
casio-shop.eu,couleur du bracelet,1_band_color
horel.com,couleur du bracelet,1_band_color
casio-shop.eu,colore quadrante,1_dial_color
gioielleriabonanno.it,quadrante,1_dial_color
forgesboutique.fr,couleur boîtier,1_case_color
icedtime.com,bracelet / strap,1_band_material
tatacliq.com,dial color brand,1_dial_color
autohaulersupply.com,strap color,1_band_color
tmart.com,watchband color,1_band_color
casio-shop.eu,gehäusefarbe,1_band_color
chezmaman.com,matière bracelet,1_band_material
forgesboutique.fr,type de bracelet,1_band_material
boutikenvogue.com,matière bracelet,1_band_material
uhrenschmuck24.ch,rund,1_band_material
uhr24.de,lünettenmaterial,1_lens_color
rm-time.de,armband material,1_band_material
casio-shop.eu,digitale / analogo,1_digital_analog
klockia.se,boett färg,1_case_color
baribaultjewelers.com,stones total weight - ct,28_stones_weight
koehnjewelry.com,stones total weight - ct,28_stones_weight
dubinsfinejewelry.com,stones total weight - ct,28_stones_weight
royalalbert.com,weight,28_weight
royalalbert.co.uk,weight,28_weight
aimant-boutique.fr,gewicht,28_weight
magnet-shop.com,gewicht,28_weight
magnet-shop.net,gewicht,28_weight
albritons.com,side diamonds total weight - ct,28_side_diamonds_weight
ksiegarniainternetowa.co.uk,ciężar / weight,28_weight
ksiegarniainternetowa.de,ciężar / gewicht,28_weight
uhrcenter.de,gewicht,28_weight
karkosik.pl,waga,28_weight
johannsson.de,gewicht,28_weight
czaszegarkow.pl,waga,28_weight
casio-shop.eu,peso,28_weight
casio-shop.eu,poids,28_weight
uhr24.de,gewicht ca,28_weight
ledwatch-time.com,poids,28_weight
morgansjewelers.com,side diamonds total weight - ct,28_side_diamonds_weight
geraldpetersinc.com,side diamonds total weight - ct,28_side_diamonds_weight
caprijewelersaz.com,side diamonds total weight - ct,28_side_diamonds_weight
cartersdiamonds.com,stones total weight - ct,28_stones_weight
milanjdiamonds.com,stones total weight - ct,28_stones_weight
barrabes.com,approx. weight,28_weight_approximate
barrabes.fr,poids approximatif,28_weight_approximate
barrabes.com,peso aproximado,28_weight_approximate
balticbuy.lt,svoris,28_weight
balticbuy.com,weight,28_weight
aatmanindia.com,weight,28_weight
guitar-gallery.de,weight,28_weight
bigbathroomshop.co.uk,weight,28_weight
plumbersstock.com,weight,28_weight
jensonusa.com,weight,28_weight
fondazione.com,weight,28_weight
bimblesolar.com,weight,28_weight
samotech.net,weight,28_weight
gemsbiz.com,weight,28_weight
dxpdisplay.com,weight,28_weight
tungstenworld.com,weight,28_weight
sahajanya.com,weight,28_weight
decoshop.com,weight,28_weight
luxjoias.com,weight,28_weight
filmtools.com,weight,28_weight
goldboutique.com,weight,28_weight
scentedcandleshop.com,weight,28_weight
tubesandmore.com,weight,28_weight
patrolstore.com,weight,28_weight
applied.com,weight,28_weight
sergiosjewelers.com,stones total weight - ct,28_stones_weight
accu.co.uk,weight,28_weight
restockit.com,weight,28_weight
joediveramerica.com,weight,28_weight
merryrichardsjewelers.com,diamonds total weight - ct,28_diamonds_weight
eurooptic.com,weight,28_weight
nazarsfinejewelry.com,side diamonds total weight - ct,28_side_diamonds_weight
bikebling.com,weight,28_weight
albritons.com,diamonds total weight - ct,28_diamonds_weight
shiels.com.au,approx. weight,28_weight_approximate
jewelryshopping.com,approx. weight,28_weight_approximate
weddingringshop.com,stones total weight - ct,28_stones_weight
midtownjewelers.com,stones total weight - ct,28_stones_weight
lesliejewelers.com,stones total weight - ct,28_stones_weight
nazarsfinejewelry.com,stones total weight - ct,28_stones_weight
diamondsonwabash.com,stones total weight - ct,28_stones_weight
albritons.com,stones total weight - ct,28_stones_weight
aucoinhart.com,stones total weight - ct,28_stones_weight
lesliejewelers.com,side diamonds total weight - ct,28_side_diamonds_weight
diamondsonwabash.com,side diamonds total weight - ct,28_side_diamonds_weight
galeria-kaufhof.de,gewicht,28_weight
casio-shop.eu,gewicht,28_weight
favorfavor.com,weight,28_weight
nicepricefavors.com,weight,28_weight
tmart.com,weight,28_weight
bhphotovideo.com,weight,28_weight
jewelry-liquidation.com,weight,28_weight
uniquevanities.com,weight,28_weight
budsgunshop.com,weight,28_weight
magnetic-products-store.com,weight,28_weight
scotlightdirect.co.uk,weight,28_weight
magicworld.co.uk,weight,28_weight
edel-optics.cl,ancho del cristal,28_cristal_width
edel-optics.be,dimension des verres,28_lens_size
edel-optics.pt,largura das lentes,28_lens_width
edel-optics.my,lens size,28_lens_size
waterford.co.uk,weight,28_weight
ontimesupplies.com,item weight,28_weight
allfitnessgadgets.com,item weight,28_weight
stiefel.de,artikelgewicht,28_weight
shopclues.com,diamond weight (carat),28_diamonds_carat
wagner-autoteile.de,gewicht [kg],28_weight
artistsupplysource.com,hardness,28_hardness
volteo-batteries.com,intensité,28_intensity
carkart.com,item weight,28_weight
modellco.de,leistung (w),28_power
torrinishop.net,min. carats ca,28_min_carats
diamond-boutique.co.uk,minimum carat weight total (ct),28_min_carats
torrinishop.net,p. min. carati ca,28_min_carats
play-asia.com,pages,28_pages
alibris.com,pages,28_pages
2spi.com,pitch (µm),28_pitch
pulsiva.com,poids net,28_net_weight
easylounge.com,poids total,28_pages
brightbd.com,stone weight,28_stones_weight
pulsiva.com,vikt,28_weight
shopclues.com,weight,28_weight
promotionalproductinc.com,weight,28_weight
shopblt.com,weight,28_weight
tatacliq.com,weight,28_weight
pusatgrosirtasmurah.com,weight,28_weight
katom.com,weight,28_weight
penboutique.com,weight(lb),28_weight
luxjoias.com,peso médio,28_avg_weight
patro.cz,váha,28_weight
luxjoias.com,peso,28_weight
arteseacessorios.com.br,peso médio,28_avg_weight
toolteam24.com,gewicht,28_weight
stylecraft-yarns.co.uk,ball weight,28_ball_weight
diamond-boutique.co.uk,carat total (ct),28_carats
tmart.com,ear hook length,28_ear_hook_length
tmart.com,ear needle length,28_ear_needle_length
pulsiva.com,gewicht,28_weight
guitar-gallery.de,gewicht,28_weight
tmart.com,gewicht,28_weight
light-delux.com,gewicht,28_weight
fliesen24.com,gewicht,28_weight
outdoortrends.de,gewicht ca,28_weight_approximate
electricautomationnetwork.com,net weight,28_net_weight
ox.ee,net weight,28_net_weight
guitar-gallery.de,peso,28_weight
tmart.com,peso,28_weight
fondazione.com,peso,28_weight
rentreediscount.com,poids,28_weight
guitar-gallery.de,poids,28_weight
ericduny.com,poids,28_weight
partstown.com,poids,28_weight
franceperles.com,poids,28_weight
unsiecledebijoux.com,poids,28_weight
tmart.com,poids,28_weight
decoshop.com,poids,28_weight
nazarsfinejewelry.com,side diamond total weight - ct,28_side_diamonds_weight
midtownjewelers.com,side diamonds total weight - ct,28_side_diamonds_weight
shopclues.com,weight (in gm),28_weight
usedtoronto.com,ad id,20_ad_id
usedmarkham.com,ad id,20_ad_id
galeria-kaufhof.de,hersteller-artikelnummer,20_model_id
forgesboutique.fr,référence,20_model_id
uhrcenter.de,artikelnummer,20_model_id
uhr24.de,artikelnummer,20_model_id
icedtime.com,model no,20_model_id
relatiegeschenkenxl.nl,artikelnummer,20_model_id
knaldeals.com,artikelnummer,20_model_id
czaszegarkow.pl,model,20_model_id
urvaerket.dk,model,20_model_id
dx.com,model,20_model_id
watchwholesaledirect.com,model,20_model_id
craftsuppliesexpress.com,model,20_model_id
crystalmix.eu,model,20_model_id
urverket.no,modell,20_model_id
silvergoldbull.ch,bestandseinheit,20_sku
silvergoldbull.li,bestandseinheit,20_sku
silvergoldbull.gr,sku,20_sku
silvergoldbull.jp,sku,20_sku
silvergoldbull.nz,sku,20_sku
silvergoldbull.lu,sku,20_sku
silvergoldbull.ie,sku,20_sku
silvergoldbull.co.uk,sku,20_sku
silvergoldbull.it,sku,20_sku
silvergoldbull.nl,sku,20_sku
silvergoldbull.es,sku,20_sku
silvergoldbull.be,sku,20_sku
silvergoldbull.ca,sku,20_sku
silvergoldbull.se,sku,20_sku
silvergoldbull.lu,bestandseinheit,20_sku
silvergoldbull.de,bestandseinheit,20_sku
silvergoldbull.at,bestandseinheit,20_sku
silvergoldbull.sg,sku,20_sku
silvergoldbull.com.au,sku,20_sku
silvergoldbull.hk,sku,20_sku
silvergoldbull.fi,sku,20_sku
silvergoldbull.ch,sku,20_sku
silvergoldbull.com,sku,20_sku
silvergoldbull.fr,ugs,20_sku
silvergoldbull.lu,ugs,20_sku
silvergoldbull.sg,mintage,20_mintage
silvergoldbull.jp,mintage,20_mintage
silvergoldbull.fi,mintage,20_mintage
silvergoldbull.ie,mintage,20_mintage
silvergoldbull.com.au,mintage,20_mintage
silvergoldbull.com,mintage,20_mintage
silvergoldbull.be,mintage,20_mintage
silvergoldbull.hk,mintage,20_mintage
silvergoldbull.lu,prägung,20_mintage
silvergoldbull.ch,prägung,20_mintage
silvergoldbull.de,prägung,20_mintage
silvergoldbull.at,prägung,20_mintage
silvergoldbull.es,acuñación,20_mintage
silvergoldbull.ch,conio,20_mintage
silvergoldbull.be,het munten,20_mintage
silvergoldbull.gr,mintage,20_mintage
silvergoldbull.nz,mintage,20_mintage
silvergoldbull.lu,mintage,20_mintage
silvergoldbull.co.uk,mintage,20_mintage
silvergoldbull.it,mintage,20_mintage
silvergoldbull.nl,mintage,20_mintage
silvergoldbull.ca,mintage,20_mintage
silvergoldbull.se,mintage,20_mintage
silvergoldbull.li,prägung,20_mintage
watch.co.uk,movement part nr,20_mpn
reloj.es,parte de movimiento num,20_mpn
mastersintime.co.uk,movement part nr,20_mpn
relogios.pt,parte do movimento nº,20_mpn
gioielleriabonanno.it,ref,20_model_id
usedvictoria.com,ad id,20_ad_id
usedwinnipeg.com,ad id,20_ad_id
usedcalgary.com,ad id,20_ad_id
usedcowichan.com,ad id,20_ad_id
usedottawa.com,ad id,20_ad_id
usednanaimo.com,ad id,20_ad_id
weddingcollectibles.com,sku,20_sku
pusatgrosirtasmurah.com,sku,20_sku
mastersintime.jp,movement part nr,20_mpn
mastersintime.com,movement part nr,20_mpn
magicworld.co.uk,sku,20_sku
fashionmia.com,sku,20_sku
tweakers.net,sku,20_sku
silvergoldbull.fr,tirage,20_mintage
silvergoldbull.lu,tirage,20_mintage
partstown.com,mfr part #,20_mpn
squiggly.com,movement part nr,20_mpn
aidangrayhome.com,sku,20_sku
goldboutique.com,sku,20_sku
nefsak.com,sku,20_sku
aatmanindia.com,sku,20_sku
furniturelandsouth.com,sku,20_sku
icamsecurity.com,sku,20_sku
zadwholesalejewelry.com,sku,20_sku
bikester.pl,numer produktu,20_article_id
addnature.it,numero articolo,20_article_id
ontimesupplies.com,ots product id,20_article_id
arteseacessorios.com.br,ref,20_article_id
mastersintime.com,case code,20_article_id
luxjoias.com,ref,20_article_id
usedcourtenaycomox.com,ad id,20_ad_id
cmc-versand.de,artikelnummer,20_article_id
squiggly.com,case code,20_article_id
shopclues.com,model id,20_article_id
saatler.com,model no,20_article_id
igotitfreeonline.com,model number,20_article_id
icedtime.com,model number,20_article_id
abelestore.com,model number,20_article_id
specsandlens.com,model number,20_article_id
tatacliq.com,model number,20_article_id
rewonline.com,model number,20_article_id
campz.fr,référence produit,20_article_id
my-watchsite.com,model,20_model_name
allfitnessgadgets.com,model,20_model_id
fashionthings.nl,model,20_model_id
rangecookers.co.uk,height max (mm),20_height
carkart.com,manufacturer part number,20_mpn
tmart.com,model,20_model_id
budkoo.com,model,20_model_id
samotech.net,model,20_model_id
tomtop.com,model,20_model_id
icedtime.com,model,20_model_id
knaldeals.com,model,20_model_id
addoway.com,mpn,20_mpn
scotlightdirect.co.uk,product code,20_model_id
topwatchitalia.it,codice prodotto,20_model_id
capitanfumetto.com,codice prodotto,20_model_id
fms2.com,codice prodotto,20_model_id
dx.com,modell,20_model_id
bino.pl,symbol producenta,20_model
silvergoldbull.ch,corso legale,103_legal
silvergoldbull.es,moneda de curso legal,103_legal
silvergoldbull.be,wettig betaalmiddel,103_legal
silvergoldbull.lu,pureté,103_purity
silvergoldbull.es,pureza,103_purity
silvergoldbull.nz,purity,103_purity
silvergoldbull.nl,purity,103_purity
silvergoldbull.gr,purity,103_purity
silvergoldbull.co.uk,purity,103_purity
silvergoldbull.se,purity,103_purity
silvergoldbull.ca,purity,103_purity
silvergoldbull.it,purity,103_purity
silvergoldbull.li,reinheit,103_purity
silvergoldbull.be,zuiverheid,103_purity
silvergoldbull.fr,pureté,103_purity
silvergoldbull.lu,purity,103_purity
silvergoldbull.hk,purity,103_purity
silvergoldbull.sg,purity,103_purity
silvergoldbull.com,purity,103_purity
silvergoldbull.com.au,purity,103_purity
silvergoldbull.fi,purity,103_purity
silvergoldbull.at,reinheit,103_purity
silvergoldbull.ie,purity,103_purity
silvergoldbull.be,purity,103_purity
silvergoldbull.jp,purity,103_purity
silvergoldbull.lu,reinheit,103_purity
silvergoldbull.ch,reinheit,103_purity
silvergoldbull.de,reinheit,103_purity
silvergoldbull.com.au,origin,103_origin
silvergoldbull.se,origin,103_origin
silvergoldbull.sg,origin,103_origin
silvergoldbull.co.uk,origin,103_origin
silvergoldbull.lu,origin,103_origin
silvergoldbull.jp,origin,103_origin
silvergoldbull.ie,origin,103_origin
silvergoldbull.it,origin,103_origin
silvergoldbull.es,país,103_origin
silvergoldbull.nl,origin,103_origin
silvergoldbull.nz,origin,103_origin
silvergoldbull.com,origin,103_origin
silvergoldbull.ca,origin,103_origin
silvergoldbull.be,origin,103_origin
silvergoldbull.hk,origin,103_origin
silvergoldbull.gr,origin,103_origin
silvergoldbull.fi,origin,103_origin
silvergoldbull.be,voorzijde,103_origin
silvergoldbull.es,anverso,103_origin
silvergoldbull.li,ursprung,103_origin
silvergoldbull.lu,ursprung,103_origin
silvergoldbull.ch,ursprung,103_origin
silvergoldbull.de,ursprung,103_origin
silvergoldbull.at,ursprung,103_origin
silvergoldbull.lu,pays,103_origin
silvergoldbull.fr,pays,103_origin
silvergoldbull.be,oorsprong,103_origin
silvergoldbull.ch,vorderseite,103_face_text
silvergoldbull.at,vorderseite,103_face_text
silvergoldbull.ch,gesetzliches zahlungsmittel,103_legal
diamond-boutique.co.uk,origin,103_origin
rugdepot.com,origin,103_origin
silvergoldbull.fi,reverse,103_reverse_text
silvergoldbull.gr,reverse,103_reverse_text
silvergoldbull.nl,reverse,103_reverse_text
silvergoldbull.sg,reverse,103_reverse_text
silvergoldbull.ie,reverse,103_reverse_text
silvergoldbull.ch,reverse,103_reverse_text
silvergoldbull.se,reverse,103_reverse_text
silvergoldbull.it,reverse,103_reverse_text
silvergoldbull.hk,reverse,103_reverse_text
silvergoldbull.nz,reverse,103_reverse_text
silvergoldbull.jp,reverse,103_reverse_text
silvergoldbull.com,reverse,103_reverse_text
silvergoldbull.com.au,reverse,103_reverse_text
silvergoldbull.ca,reverse,103_reverse_text
silvergoldbull.lu,reverse,103_reverse_text
silvergoldbull.co.uk,reverse,103_reverse_text
silvergoldbull.be,reverse,103_reverse_text
silvergoldbull.gr,obverse,103_face_text
silvergoldbull.fi,obverse,103_face_text
silvergoldbull.hk,obverse,103_face_text
silvergoldbull.ie,obverse,103_face_text
silvergoldbull.se,obverse,103_face_text
silvergoldbull.com,obverse,103_face_text
silvergoldbull.jp,obverse,103_face_text
silvergoldbull.ch,obverse,103_face_text
silvergoldbull.it,obverse,103_face_text
silvergoldbull.nl,obverse,103_face_text
silvergoldbull.sg,obverse,103_face_text
silvergoldbull.lu,obverse,103_face_text
silvergoldbull.co.uk,obverse,103_face_text
silvergoldbull.be,obverse,103_face_text
silvergoldbull.ca,obverse,103_face_text
silvergoldbull.nz,obverse,103_face_text
silvergoldbull.com.au,obverse,103_face_text
silvergoldbull.fi,reverse,103_origin
silvergoldbull.gr,reverse,103_origin
silvergoldbull.nl,reverse,103_origin
silvergoldbull.sg,reverse,103_origin
silvergoldbull.ie,reverse,103_origin
silvergoldbull.ch,reverse,103_origin
silvergoldbull.se,reverse,103_origin
silvergoldbull.it,reverse,103_origin
silvergoldbull.hk,reverse,103_origin
silvergoldbull.nz,reverse,103_origin
silvergoldbull.jp,reverse,103_origin
silvergoldbull.com,reverse,103_origin
silvergoldbull.com.au,reverse,103_origin
silvergoldbull.ca,reverse,103_origin
silvergoldbull.lu,reverse,103_origin
silvergoldbull.co.uk,reverse,103_origin
silvergoldbull.be,reverse,103_origin
silvergoldbull.gr,obverse,103_origin
silvergoldbull.fi,obverse,103_origin
silvergoldbull.hk,obverse,103_origin
silvergoldbull.ie,obverse,103_origin
silvergoldbull.se,obverse,103_origin
silvergoldbull.com,obverse,103_origin
silvergoldbull.jp,obverse,103_origin
silvergoldbull.ch,obverse,103_origin
silvergoldbull.it,obverse,103_origin
silvergoldbull.nl,obverse,103_origin
silvergoldbull.sg,obverse,103_origin
silvergoldbull.lu,obverse,103_origin
silvergoldbull.co.uk,obverse,103_origin
silvergoldbull.be,obverse,103_origin
silvergoldbull.ca,obverse,103_origin
silvergoldbull.nz,obverse,103_origin
silvergoldbull.com.au,obverse,103_origin
silvergoldbull.fi,legal tender,103_legal
silvergoldbull.gr,legal tender,103_legal
silvergoldbull.ie,legal tender,103_legal
silvergoldbull.se,legal tender,103_legal
silvergoldbull.nl,legal tender,103_legal
silvergoldbull.it,legal tender,103_legal
silvergoldbull.sg,legal tender,103_legal
silvergoldbull.hk,legal tender,103_legal
silvergoldbull.nz,legal tender,103_legal
silvergoldbull.com,legal tender,103_legal
silvergoldbull.com.au,legal tender,103_legal
silvergoldbull.jp,legal tender,103_legal
silvergoldbull.co.uk,legal tender,103_legal
silvergoldbull.ca,legal tender,103_legal
silvergoldbull.lu,legal tender,103_legal
silvergoldbull.be,legal tender,103_legal
silvergoldbull.lu,vorderseite,103_face_text
silvergoldbull.li,vorderseite,103_face_text
silvergoldbull.de,vorderseite,103_face_text
silvergoldbull.lu,vorderseite,103_origin
silvergoldbull.li,vorderseite,103_origin
silvergoldbull.de,vorderseite,103_origin
silvergoldbull.lu,rückseite,103_reverse_text
silvergoldbull.li,rückseite,103_reverse_text
silvergoldbull.ch,rückseite,103_reverse_text
silvergoldbull.de,rückseite,103_reverse_text
silvergoldbull.at,rückseite,103_reverse_text
silvergoldbull.li,gesetzliches zahlungsmittel,103_legal
silvergoldbull.lu,gesetzliches zahlungsmittel,103_legal
silvergoldbull.at,gesetzliches zahlungsmittel,103_legal
silvergoldbull.lu,revers,103_reverse_text
silvergoldbull.fr,revers,103_reverse_text
silvergoldbull.lu,cours légal,103_legal
silvergoldbull.fr,cours légal,103_legal
silvergoldbull.lu,avers,103_face_text
silvergoldbull.fr,avers,103_face_text
silvergoldbull.lu,avers,103_origin
silvergoldbull.fr,avers,103_origin
silvergoldbull.de,gesetzliches zahlungsmittel,103_legal
silvergoldbull.es,reverso,103_reverse_text
silvergoldbull.be,achterzijde,103_reverse_text
silvergoldbull.ch,purezza,103_purity
ingold.lt,purity,103_purity
silvergoldbull.ch,paese,103_origin
gemsbiz.com,origin,103_origin
floristsaigon.com,origin,103_origin
moorisharchitecturaldesign.com,origin,103_origin
yeltons.com,center stone shape,5_center_stone_shape
merryrichardsjewelers.com,center stone shape,5_center_stone_shape
albritons.com,center stone shape,5_center_stone_shape
baribaultjewelers.com,center stone shape,5_center_stone_shape
weddingringshop.com,center stone shape,5_center_stone_shape
koehnjewelry.com,center stone shape,5_center_stone_shape
dalzellandco.com,center stone shape,5_center_stone_shape
brilliantdiamonds.us,center stone shape,5_center_stone_shape
milanjdiamonds.com,center stone shape,5_center_stone_shape
cartersdiamonds.com,center stone shape,5_center_stone_shape
diamondsonwabash.com,center stone shape,5_center_stone_shape
shopedc.com,center stone shape,5_center_stone_shape
sergiosjewelers.com,center stone shape,5_center_stone_shape
midtownjewelers.com,center stone shape,5_center_stone_shape
cartersdiamonds.com,stones shape,5_stones_shape
albritons.com,stones shape,5_stones_shape
midtownjewelers.com,stones shape,5_stones_shape
baribaultjewelers.com,stones shape,5_stones_shape
weddingringshop.com,stones shape,5_stones_shape
aucoinhart.com,stones shape,5_stones_shape
diamondsonwabash.com,stones shape,5_stones_shape
dubinsfinejewelry.com,stones shape,5_stones_shape
lesliejewelers.com,stones shape,5_stones_shape
koehnjewelry.com,stones shape,5_stones_shape
fashioneyewear.co.uk,sunglasses shape,5_sunglass_shape
fashioneyewear.com,sunglasses shape,5_sunglass_shape
uhrzeit.org,shape,5_shape
finejewelers.com,shape,5_shape
fashioneyewear.com,shape,5_shape
ontimesupplies.com,shape,5_shape
gemsbiz.com,shape,5_shape
rewonline.com,shape,5_shape
fondazione.com,shape,5_shape
jamesallen.com,shape,5_shape
shopkorite.com,stone shape,5_stones_shape
bhphotovideo.com,shape,5_shape
shopclues.com,dial shape,5_dial_shape
tatacliq.com,dial shape,5_dial_shape
gadgetsmafia.com,dial shape,5_dial_shape
tmart.com,dial shape,5_dial_shape
bhphotovideo.com,dial shape,5_dial_shape
mastersintime.com,case shape,5_case_shape
tmart.com,case shape,5_case_shape
squiggly.com,case shape,5_case_shape
igotitfreeonline.com,case shape,5_case_shape
safajewelers.com,case shape,5_case_shape
merryrichardsjewelers.com,case shape,5_case_shape
albritons.com,case shape,5_case_shape
diamondsonwabash.com,side diamonds shape - cut,5_side_diamonds_shape
albritons.com,side diamonds shape - cut,5_side_diamonds_shape
lesliejewelers.com,side diamonds shape - cut,5_side_diamonds_shape
nazarsfinejewelry.com,side diamonds shape - cut,5_side_diamonds_shape
midtownjewelers.com,side diamonds shape - cut,5_side_diamonds_shape
icedtime.com,stone shape,5_stones_shape
brightbd.com,stone shape,5_stones_shape
nazarsfinejewelry.com,stones shape,5_stones_shape
sergiosjewelers.com,stones shape,5_stones_shape
uniquevanities.com,shape,5_shape
jewelryshopping.com,shape,5_shape
cosplaysupplies.com,shape,5_shape
tmart.com,shape,5_shape
jewelry-liquidation.com,shape,5_shape
diamond-boutique.co.uk,shape,5_shape
fashioneyewear.co.uk,shape,5_shape
furniturelandsouth.com,shape,5_shape
morgansjewelers.com,center stone shape,5_center_stone_shape
caprijewelersaz.com,center stone shape,5_center_stone_shape
geraldpetersinc.com,center stone shape,5_center_stone_shape
edel-optics.cl,forma de la montura,5_frame_shape
edel-optics.pt,formato da armação,5_frame_shape
edel-optics.be,forme de monture,5_frame_shape
edel-optics.my,frame style,5_frame_shape
uhrzeit.org,anhänger,5_pendant
uhrzeit.org,pendant,5_pendant
restockit.com,shape,5_shape
uhrenschmuck24.ch,quarz (batterie),5_quartz
torrinishop.net,diam. cut,5_diamond_cut
torrinishop.net,i. diam. taglio,5_diamond_cut
tmart.com,pendant pattern,5_pendant
tmart.com,pendant shape,5_pendant
theethnicstory.com,shape,5_shape
emmabridgewater.co.uk,shape,5_shape
mastersintime.com,brand,0_brand
nicols.es,brand,0_brand
icamsecurity.com,brand,0_brand
tmart.com,brand,0_brand
watchwholesaledirect.com,brand,0_brand
squiggly.com,brand,0_brand
tweakers.net,merk,0_brand
mastersintime.nl,merk,0_brand
hardware.info,merk,0_brand
fashionthings.nl,merk,0_brand
knaldeals.com,merk,0_brand
thewatchsuperstore.com,packaging,0_brand
tweakers.net,product,0_brand
icedtime.com,brand,0_brand
thewatchsuperstore.com,brand,0_brand
fashioneyewear.co.uk,brand,0_brand
fashioneyewear.com,brand,0_brand
johannsson.de,marke,0_brand
casio-shop.eu,marke,0_brand
casio-shop.eu,marque,0_brand
casio-shop.eu,marca,0_brand
uhr24.de,marke,0_brand
shopclues.com,brand,0_brand
allfitnessgadgets.com,brand,0_brand
dx.com,brand,0_brand
dx.com,marque,0_brand
reloj.es,marca,0_brand
jewelry-liquidation.com,brand,0_brand
budkoo.com,brand,0_brand
ontimesupplies.com,brand,0_brand
batteryjunction.com,brand,0_brand
uhrcenter.de,marke,0_brand
my-watchsite.com,brand,0_brand
restockit.com,brand,0_brand
samotech.net,brand,0_brand
patrolstore.com,brand,0_brand
beyondstores.com,brand,0_brand
ronakcorp.com,brand,0_brand
tomtop.com,brand,0_brand
carkart.com,brand,0_brand
vintagedesignerhandbagsonline.com,brand,0_brand
kseriesparts.com,brand,0_brand
cmonwealth.com,brand,0_brand
penboutique.com,brand,0_brand
kronoshop.com,brand,0_brand
milkymou.com,brand,0_brand
craftsuppliesexpress.com,brand,0_brand
abelestore.com,brand,0_brand
specsandlens.com,brand,0_brand
fitnessmerken.nl,merk,0_brand
topwatchitalia.it,marca,0_brand
casio-shop.eu,merk,0_brand
tatacliq.com,collection name,0_collection_name
milkymou.com,marca,0_brand
capitanfumetto.com,marca,0_brand
cantupneus.com.br,marca,0_brand
pneustore.com.br,marca,0_brand
wmf.com,marke,0_brand
badort.com,marke,0_brand
cmc-versand.de,marke,0_brand
rentreediscount.com,marque,0_brand
boutikenvogue.com,marque,0_brand
wmf.com,marque,0_brand
spellenrijk.nl,merk,0_brand
budkoo.com,publisher,0_publisher
alibris.com,publisher,0_publisher
batteryjunction.com,packaging,0_packaging_type
kronoshop.com,packaging,0_packaging_type
abt.com,device model,0_device_model
bino.pl,producent,0_brand
geraldpetersinc.com,engagement ring style,3_engagement_ring_style
morgansjewelers.com,engagement ring style,3_engagement_ring_style
caprijewelersaz.com,engagement ring style,3_engagement_ring_style
midtownjewelers.com,engagement ring style,3_engagement_ring_style
diamondsonwabash.com,engagement ring style,3_engagement_ring_style
reamjewelers.com,wedding band style,3_wedding_band_style
worldofceciwong.com,wedding band style,3_wedding_band_style
koehnjewelry.com,wedding band style,3_wedding_band_style
midtownjewelers.com,fashion ring style,3_fashion_ring_style
lesliejewelers.com,fashion ring style,3_fashion_ring_style
cartersdiamonds.com,fashion ring style,3_fashion_ring_style
weddingringshop.com,fashion ring style,3_fashion_ring_style
albritons.com,fashion ring style,3_fashion_ring_style
kronoshop.com,style,3_style
igotitfreeonline.com,style,3_style
tmart.com,style,3_style
beyondstores.com,style,3_style
furniturelandsouth.com,style,3_style
casio-shop.eu,style,3_style
decoshop.com,style,3_style
chezmaman.com,style,3_gender
icedtime.com,style,3_gender
beaverbrooks.co.uk,style,3_style
weddingringshop.com,wedding band style,3_wedding_band_style
midtownjewelers.com,wedding band style,3_wedding_band_style
diamondsonwabash.com,wedding band style,3_wedding_band_style
dubinsfinejewelry.com,wedding band style,3_wedding_band_style
mirojewelers.com,wedding band style,3_wedding_band_style
aucoinhart.com,wedding band style,3_wedding_band_style
milanjdiamonds.com,wedding band style,3_wedding_band_style
cartersdiamonds.com,wedding band style,3_wedding_band_style
casio-shop.eu,estilo,3_style
casio-shop.eu,stile,3_style
galeria-kaufhof.de,design,3_style
juwelier-willems.be,stijl,3_style
adm-horloger.com,style,3_style
flesh-tunnel-shop.com,design,3_style
casio-shop.eu,stijl,3_style
casio-shop.eu,stil,3_style
penboutique.com,design,3_style
igan-iluminacion.com,design,3_style
shopclues.com,design,3_style
fashionmia.com,pattern type,3_style
dx.com,stil,3_style
addoway.com,style,3_style
abt.com,style,3_style
bigbathroomshop.co.uk,style,3_style
mijnbedels.com,style,3_style
plumbersstock.com,style,3_style
katom.com,style,3_style
jewelryshopping.com,style,3_style
rugdepot.com,style,3_style
boutikenvogue.com,style,3_style
creactivites.com,style,3_style
vintagedesignerhandbagsonline.com,style,3_style
gioiellerialucchese.it,genere,14_gender
addnature.it,sesso,14_gender
casio-shop.eu,sesso,14_gender
casio-shop.eu,geschlecht,14_gender
johannsson.de,geschlecht,14_gender
thewatchsuperstore.com,gender,14_gender
watchfinder.com,gender,14_gender
icedtime.com,gender,14_gender
tmart.com,gender,14_gender
kronoshop.com,gender,14_gender
jewelryshopping.com,gender,14_gender
koehnjewelry.com,gender,14_gender
merryrichardsjewelers.com,gender,14_gender
milanjdiamonds.com,gender,14_gender
cartersdiamonds.com,gender,14_gender
fashioneyewear.com,gender,14_gender
fashioneyewear.co.uk,gender,14_gender
dubinsfinejewelry.com,gender,14_gender
diamondsonwabash.com,gender,14_gender
albritons.com,gender,14_gender
baribaultjewelers.com,gender,14_gender
weddingringshop.com,gender,14_gender
midtownjewelers.com,gender,14_gender
reamjewelers.com,gender,14_gender
worldofceciwong.com,gender,14_gender
aucoinhart.com,gender,14_gender
mirojewelers.com,gender,14_gender
edel-optics.my,gender,14_gender
nicols.es,gender,14_gender
sergiosjewelers.com,gender,14_gender
igotitfreeonline.com,gender,14_gender
mijnbedels.com,gender,14_gender
nazarsfinejewelry.com,gender,14_gender
safajewelers.com,gender,14_gender
tomtop.com,gender,14_gender
nefsak.com,gender,14_gender
goldboutique.com,gender,14_gender
lesliejewelers.com,gender,14_gender
uhrzeit.org,target group,14_gender
tmart.com,applicable gender,14_gender
addoway.com,gender,14_gender
raketa-shop.com,gender,14_gender
shopclues.com,ideal for,14_gender
squiggly.com,target audience,14_gender
abelestore.com,target audience,14_gender
uhrenschmuck24.ch,luminox,14_gender
uhrenschmuck24.ch,certina,14_gender
uhrenschmuck24.ch,tissot,14_gender
uhrzeit.org,zielgruppe,14_gender
lauscher.ac,träger,14_gender
1a-spielkarten.de,zielgruppe,14_gender
bikester.pl,płeć,14_gender
albritons.com,stones type,4_stones_type
merryrichardsjewelers.com,stones type,4_stones_type
dubinsfinejewelry.com,stones type,4_stones_type
milanjdiamonds.com,stones type,4_stones_type
nazarsfinejewelry.com,stones type,4_stones_type
lesliejewelers.com,stones type,4_stones_type
midtownjewelers.com,stones type,4_stones_type
weddingringshop.com,stones type,4_stones_type
aucoinhart.com,stones type,4_stones_type
midtownjewelers.com,fashion ring type,4_ring_type
weddingringshop.com,fashion ring type,4_ring_type
safajewelers.com,bezel type,4_bezel_type
albritons.com,bezel type,4_bezel_type
merryrichardsjewelers.com,bezel type,4_bezel_type
koehnjewelry.com,stones type,4_stones_type
baribaultjewelers.com,stones type,4_stones_type
shopclues.com,stone,4_stones_type
brightbd.com,stone type,4_stones_type
jewelryshopping.com,stone type,4_stones_type
icedtime.com,bezel,4_bezel_type
jewelry-liquidation.com,gem type,4_gem_type
finejewelers.com,gem type,4_gem_type
icedtime.com,gem type,4_gem_type
midtownjewelers.com,earring type,4_earring_type
evangelosfinejewellery.com,earring type,4_earring_type
goldboutique.com,gemstone,4_gem_stone
diamond-boutique.co.uk,gemstone,4_gem_stone
diamond-boutique.co.uk,gemstone shape,4_gem_stone
